{"schemaVersion":"1.0","appDefinitionTemplate":{"id":"/providers/Microsoft.PowerApps/apps/","type":"Microsoft.PowerApps/apps","tags":{"minimumRequiredApiVersion":"2.2.0"},"properties":{"appVersion":"2018-10-23T09:55:45Z","lifeCycleId":"Published","createdByClientVersion":{"major":3,"minor":18102,"build":20,"revision":0,"majorRevision":0,"minorRevision":0},"minClientVersion":{"major":3,"minor":18102,"build":20,"revision":0,"majorRevision":0,"minorRevision":0},"backgroundColor":"rgba(0, 176, 240, 1)","backgroundImageUri":"/12352138201523942901/N141963f5-3046-4746-abc5-74fa43b01fe1-logoSmallFile","displayName":"Camera Image as Attachment of Mail","description":"","appUris":{"documentUri":{"value":"/12352138201523942901/N7b9833c1-4f12-49ca-b5c1-d9ccdecc3666-document.msapp","readonlyValue":"/12352138201523942901/N7b9833c1-4f12-49ca-b5c1-d9ccdecc3666-document.msapp"},"imageUris":[]},"createdTime":"0001-01-01T00:00:00Z","lastModifiedTime":"0001-01-01T00:00:00Z","sharedGroupsCount":0,"sharedUsersCount":0,"icons":{"smallIconUri":"/12352138201523942901/Nba16e2e8-c473-4760-b203-3e3c7d564b67-small.png","mediumIconUri":"/12352138201523942901/N27c5e414-cd11-4764-966d-3714254dff96-medium.png","largeIconUri":"/12352138201523942901/Ndbee994d-65a9-4a5b-b372-b9f75385cf79-large.png","wideIconUri":"/12352138201523942901/N9307102b-8c0a-4f71-84bb-530a4c754096-wide.png"},"connectionReferences":{"c2288052-5fd4-443c-829b-d5be2e3a3109":{"id":"c0c390b1-c142-4b52-9a15-c9ff5ba3b50d","displayName":"Office 365 Outlook","iconUri":"https://connectoricons-prod.azureedge.net/office365/icon_1.0.1008.1183.png","dataSources":["Office365"],"dependencies":[],"dependents":[],"parameterHints":{},"isOnPremiseConnection":false,"bypassConsent":false,"dataSets":{},"apiTier":"Standard"}},"almMode":"Environment"}}}